CITY,DAUID
Halifax,12090296
Halifax,12090297
Halifax,12090298
Halifax,12090340
Halifax,12090341
Halifax,12090342
Halifax,12090343
Halifax,12090344
Halifax,12090345
Halifax,12090346
Halifax,12090347
Halifax,12090356
Halifax,12090357
Halifax,12090358
Halifax,12090359
Halifax,12090572
Halifax,12090853
Halifax,12090854
Halifax,12090855
Halifax,12090856
Halifax,12090858
Halifax,12090860
Halifax,12090863
Halifax,12090864
Halifax,12090865
Halifax,12090866
Halifax,12090867
Halifax,12090868
Halifax,12090934
Halifax,12090936
Halifax,12090963
Halifax,12090965
Moncton,13070070
Moncton,13070071
Moncton,13070117
Moncton,13070119
Moncton,13070122
Moncton,13070123
Moncton,13070124
Moncton,13070125
Moncton,13070126
Moncton,13070127
Moncton,13070128
Moncton,13070129
Moncton,13070130
Moncton,13070131
Moncton,13070132
Moncton,13070133
Moncton,13070134
Fredericton,13100175
Fredericton,13100176
Fredericton,13100177
Fredericton,13100178
Fredericton,13100190
Fredericton,13100191
Fredericton,13100201
Fredericton,13100203
Fredericton,13100204
Fredericton,13100205
Fredericton,13100206
Fredericton,13100207
Fredericton,13100208
Fredericton,13100209
Fredericton,13100210
Fredericton,13100211
Fredericton,13100212
Fredericton,13100213
Fredericton,13100243
Fredericton,13100318
Fredericton,13100319
Fredericton,13100320
Quebec City,24230152
Quebec City,24230153
Quebec City,24230154
Quebec City,24230155
Quebec City,24230158
Quebec City,24230159
Quebec City,24230160
Quebec City,24230161
Quebec City,24230163
Quebec City,24230165
Quebec City,24230166
Quebec City,24230167
Quebec City,24230168
Quebec City,24230169
Quebec City,24230170
Quebec City,24230171
Quebec City,24230172
Quebec City,24230173
Quebec City,24230174
Quebec City,24230175
Quebec City,24230176
Quebec City,24230177
Quebec City,24230178
Quebec City,24230179
Quebec City,24230180
Quebec City,24230181
Quebec City,24230182
Quebec City,24230183
Quebec City,24230185
Quebec City,24230188
Quebec City,24230189
Quebec City,24230190
Quebec City,24230191
Quebec City,24230192
Quebec City,24230193
Quebec City,24230850
Quebec City,24230866
Quebec City,24230869
Quebec City,24230870
Quebec City,24230871
Quebec City,24230872
Quebec City,24230873
Quebec City,24230874
Quebec City,24230875
Quebec City,24230876
Quebec City,24230882
Quebec City,24230883
Quebec City,24230884
Quebec City,24230898
Quebec City,24230915
Quebec City,24231032
Quebec City,24231036
Longueuil,24580035
Longueuil,24580036
Longueuil,24580037
Longueuil,24580038
Longueuil,24580039
Longueuil,24580040
Longueuil,24580041
Longueuil,24580042
Longueuil,24580125
Longueuil,24580126
Longueuil,24580127
Longueuil,24580128
Longueuil,24580132
Longueuil,24580134
Longueuil,24580135
Longueuil,24580136
Longueuil,24580137
Longueuil,24580138
Longueuil,24580139
Longueuil,24580140
Longueuil,24580144
Longueuil,24580687
Montreal,24661080
Montreal,24661081
Montreal,24661082
Montreal,24661083
Montreal,24661084
Montreal,24661086
Montreal,24661087
Montreal,24661093
Montreal,24661094
Montreal,24661099
Montreal,24661100
Montreal,24661102
Montreal,24661103
Montreal,24661104
Montreal,24661105
Montreal,24661106
Montreal,24661108
Montreal,24661109
Montreal,24661110
Montreal,24661111
Montreal,24661113
Montreal,24661114
Montreal,24661116
Montreal,24661117
Montreal,24661118
Montreal,24661119
Montreal,24661120
Montreal,24661121
Montreal,24661122
Montreal,24661123
Montreal,24661124
Montreal,24661242
Montreal,24661255
Montreal,24661256
Montreal,24661257
Montreal,24661258
Montreal,24661259
Montreal,24661260
Montreal,24661261
Montreal,24661262
Montreal,24661263
Montreal,24661264
Montreal,24661265
Montreal,24661269
Montreal,24661270
Montreal,24661271
Montreal,24661272
Montreal,24661273
Montreal,24661276
Montreal,24661277
Montreal,24661278
Montreal,24661279
Montreal,24661280
Montreal,24661281
Montreal,24661282
Montreal,24661284
Montreal,24661285
Montreal,24661286
Montreal,24661848
Montreal,24661849
Montreal,24661856
Montreal,24661857
Montreal,24661858
Montreal,24661859
Montreal,24661860
Montreal,24661926
Montreal,24661927
Montreal,24661928
Montreal,24661929
Montreal,24661936
Montreal,24661937
Montreal,24661940
Montreal,24661942
Montreal,24661943
Montreal,24661944
Montreal,24662114
Montreal,24662115
Montreal,24662116
Montreal,24662140
Montreal,24662141
Montreal,24663242
Montreal,24663243
Montreal,24663246
Montreal,24663249
Montreal,24663344
Montreal,24663345
Montreal,24663346
Montreal,24663347
Montreal,24663348
Montreal,24663349
Montreal,24663350
Montreal,24663358
Montreal,24663359
Montreal,24663360
Montreal,24663361
Montreal,24663363
Montreal,24663365
Montreal,24663366
Montreal,24663367
Montreal,24663368
Montreal,24663369
Montreal,24663434
Montreal,24663436
Montreal,24663437
Montreal,24663438
Montreal,24663439
Montreal,24663441
Montreal,24663444
Montreal,24663445
Montreal,24663452
Montreal,24663453
Montreal,24663459
Montreal,24663460
Montreal,24663463
Montreal,24663464
Montreal,24663486
Montreal,24663488
Montreal,24663489
Montreal,24663490
Montreal,24663491
Montreal,24663492
Montreal,24663493
Ottawa,35060246
Ottawa,35060249
Ottawa,35060251
Ottawa,35060252
Ottawa,35060253
Ottawa,35060254
Ottawa,35060255
Ottawa,35060264
Ottawa,35060267
Ottawa,35060313
Ottawa,35060314
Ottawa,35060315
Ottawa,35060324
Ottawa,35060325
Ottawa,35060329
Ottawa,35060330
Ottawa,35060331
Ottawa,35060332
Ottawa,35060333
Ottawa,35060334
Ottawa,35060336
Ottawa,35060337
Ottawa,35060338
Ottawa,35060339
Ottawa,35060343
Ottawa,35060345
Ottawa,35060346
Ottawa,35060347
Ottawa,35060348
Ottawa,35060353
Ottawa,35060354
Ottawa,35060360
Ottawa,35060361
Ottawa,35060367
Ottawa,35060368
Ottawa,35060399
Ottawa,35060400
Ottawa,35060401
Ottawa,35060402
Ottawa,35060403
Ottawa,35060404
Ottawa,35060405
Ottawa,35060406
Ottawa,35060407
Ottawa,35060408
Ottawa,35061020
Ottawa,35061026
Ottawa,35061027
Ottawa,35061222
Ottawa,35061225
Ottawa,35061509
Ottawa,35061510
Ottawa,35061511
Ottawa,35061512
Ottawa,35061518
Ottawa,35061602
Ottawa,35061604
Ottawa,35061608
Ottawa,35061703
Ottawa,35061705
Ottawa,35061708
Ottawa,35061709
Ottawa,35061710
Ottawa,35061711
Ottawa,35061712
Ottawa,35061713
Ottawa,35061714
Ottawa,35061715
Ottawa,35061716
Ottawa,35061717
Ottawa,35061718
Ottawa,35061766
Ottawa,35061767
Ottawa,35061768
Ottawa,35061769
Ottawa,35061770
Ottawa,35061771
Ottawa,35061772
Ottawa,35061773
Ottawa,35061774
Ottawa,35061778
Ottawa,35061779
Ottawa,35061780
Ottawa,35061781
Ottawa,35061782
Ottawa,35061783
Ottawa,35061784
Ottawa,35061785
Ottawa,35061786
Ottawa,35061787
Ottawa,35061788
Ottawa,35061789
Ottawa,35061790
Ottawa,35061791
Ottawa,35061792
Ottawa,35061793
Ottawa,35061794
Ottawa,35061795
Ottawa,35061796
Ottawa,35061797
Ottawa,35061798
Ottawa,35061799
Ottawa,35061800
Ottawa,35061801
Ottawa,35061802
Ottawa,35061803
Kingston,35100170
Kingston,35100171
Kingston,35100172
Kingston,35100173
Kingston,35100174
Kingston,35100175
Kingston,35100176
Kingston,35100178
Kingston,35100190
Kingston,35100191
Kingston,35100192
Kingston,35100193
Kingston,35100194
Kingston,35100195
Kingston,35100196
Kingston,35100197
Kingston,35100198
Kingston,35100199
Peterborough,35150051
Peterborough,35150052
Peterborough,35150053
Peterborough,35150055
Peterborough,35150065
Peterborough,35150066
Peterborough,35150067
Peterborough,35150068
Peterborough,35150069
Peterborough,35150070
Peterborough,35150071
Peterborough,35150072
Peterborough,35150080
Peterborough,35150081
Peterborough,35150082
Peterborough,35150083
Peterborough,35150107
Peterborough,35150108
Peterborough,35150109
Peterborough,35150110
Peterborough,35150111
Peterborough,35150112
Peterborough,35150113
Peterborough,35150114
Peterborough,35150115
Peterborough,35150116
Peterborough,35150117
Peterborough,35150213
Peterborough,35150214
Peterborough,35150225
Toronto,35200755
Toronto,35200756
Toronto,35200757
Toronto,35200768
Toronto,35200769
Toronto,35200770
Toronto,35200771
Toronto,35200772
Toronto,35200774
Toronto,35200783
Toronto,35200792
Toronto,35200794
Toronto,35200795
Toronto,35200796
Toronto,35200797
Toronto,35200798
Toronto,35200801
Toronto,35200802
Toronto,35200803
Toronto,35200804
Toronto,35200805
Toronto,35200806
Toronto,35200807
Toronto,35200808
Toronto,35200809
Toronto,35200810
Toronto,35200811
Toronto,35200812
Toronto,35200813
Toronto,35200814
Toronto,35200815
Toronto,35200821
Toronto,35200822
Toronto,35200826
Toronto,35200827
Toronto,35200828
Toronto,35200829
Toronto,35200831
Toronto,35200832
Toronto,35200833
Toronto,35200855
Toronto,35200859
Toronto,35200860
Toronto,35200861
Toronto,35200862
Toronto,35200863
Toronto,35200864
Toronto,35200865
Toronto,35200866
Toronto,35200867
Toronto,35200868
Toronto,35200869
Toronto,35200870
Toronto,35200888
Toronto,35200889
Toronto,35200890
Toronto,35200891
Toronto,35200892
Toronto,35200893
Toronto,35200894
Toronto,35200895
Toronto,35200896
Toronto,35200897
Toronto,35200898
Toronto,35200899
Toronto,35200900
Toronto,35200901
Toronto,35200902
Toronto,35200903
Toronto,35200905
Toronto,35200906
Toronto,35200907
Toronto,35200908
Toronto,35200909
Toronto,35201028
Toronto,35201029
Toronto,35201030
Toronto,35201031
Toronto,35201032
Toronto,35201033
Toronto,35201034
Toronto,35201035
Toronto,35201036
Toronto,35201038
Toronto,35201039
Toronto,35201040
Toronto,35201041
Toronto,35201044
Toronto,35201045
Toronto,35201046
Toronto,35201047
Toronto,35201048
Toronto,35201049
Toronto,35201050
Toronto,35201051
Toronto,35201052
Toronto,35201053
Toronto,35201054
Toronto,35201055
Toronto,35201056
Toronto,35201057
Toronto,35201058
Toronto,35201059
Toronto,35201060
Toronto,35201061
Toronto,35201062
Toronto,35201063
Toronto,35201436
Toronto,35201437
Toronto,35202812
Toronto,35202813
Toronto,35202814
Toronto,35202817
Toronto,35202818
Toronto,35202819
Toronto,35202820
Toronto,35202821
Toronto,35202823
Toronto,35202840
Toronto,35202842
Toronto,35202843
Toronto,35202845
Toronto,35202846
Toronto,35202847
Toronto,35202848
Toronto,35202849
Toronto,35202850
Toronto,35203176
Toronto,35203183
Toronto,35203184
Toronto,35203991
Toronto,35204004
Toronto,35204019
Toronto,35204021
Toronto,35204091
Toronto,35204157
Toronto,35204228
Toronto,35204229
Toronto,35204230
Toronto,35204245
Toronto,35204246
Toronto,35204275
Toronto,35204562
Toronto,35204563
Toronto,35204564
Toronto,35204565
Toronto,35204566
Toronto,35204567
Toronto,35204578
Toronto,35204579
Toronto,35204580
Toronto,35204581
Toronto,35204582
Toronto,35204583
Toronto,35204584
Toronto,35204585
Toronto,35204586
Toronto,35204587
Toronto,35204589
Toronto,35204590
Toronto,35204591
Toronto,35204592
Toronto,35204593
Toronto,35204594
Toronto,35204595
Toronto,35204596
Toronto,35204597
Toronto,35204598
Toronto,35204599
Toronto,35204600
Toronto,35204601
Toronto,35204602
Toronto,35204603
Toronto,35204605
Toronto,35204606
Toronto,35204607
Toronto,35204608
Toronto,35204609
Toronto,35204610
Toronto,35204611
Toronto,35204612
Toronto,35204613
Toronto,35204614
Toronto,35204615
Toronto,35204616
Toronto,35204617
Toronto,35204618
Toronto,35204620
Toronto,35204621
Toronto,35204622
Toronto,35204623
Toronto,35204624
Toronto,35204650
Toronto,35204652
Toronto,35204653
Toronto,35204655
Toronto,35204656
Toronto,35204819
Toronto,35204820
Toronto,35204821
Toronto,35204822
Toronto,35204823
Toronto,35204824
Toronto,35204825
Toronto,35204826
Toronto,35204841
Toronto,35204842
Toronto,35204843
Toronto,35204844
Toronto,35204845
Toronto,35204882
Toronto,35204883
Toronto,35204894
Toronto,35204895
Toronto,35204896
Toronto,35204897
Toronto,35204898
Toronto,35204899
Toronto,35204900
Toronto,35204901
Toronto,35204902
Toronto,35204922
Toronto,35204923
Toronto,35204941
Toronto,35204942
Toronto,35204993
Toronto,35204994
Toronto,35204995
Toronto,35204996
Toronto,35204997
Toronto,35204998
Toronto,35205060
Toronto,35205061
Toronto,35205062
Toronto,35205063
St. Catharines,35260382
St. Catharines,35260383
St. Catharines,35260384
St. Catharines,35260385
St. Catharines,35260386
St. Catharines,35260387
St. Catharines,35260388
St. Catharines,35260389
St. Catharines,35260390
St. Catharines,35260438
St. Catharines,35260439
St. Catharines,35260440
St. Catharines,35260441
St. Catharines,35260442
St. Catharines,35260443
St. Catharines,35260445
St. Catharines,35260446
St. Catharines,35260447
St. Catharines,35260448
St. Catharines,35260449
St. Catharines,35260450
St. Catharines,35260451
St. Catharines,35260452
St. Catharines,35260453
St. Catharines,35260506
St. Catharines,35260509
St. Catharines,35260510
Kitchener,35300137
Kitchener,35300113
Kitchener,35300110
Kitchener,35300136
Kitchener,35300104
Kitchener,35300139
Kitchener,35300363
Kitchener,35300364
Kitchener,35300365
Kitchener,35300366
Kitchener,35300367
Kitchener,35300368
Kitchener,35300369
Kitchener,35300370
Kitchener,35300371
Kitchener,35300372
Kitchener,35300373
Kitchener,35300374
Kitchener,35300375
Kitchener,35300376
Kitchener,35300380
Kitchener,35300381
Kitchener,35300383
Kitchener,35300384
Kitchener,35300385
Kitchener,35300386
Kitchener,35300387
Kitchener,35300388
Kitchener,35300389
Kitchener,35300390
Kitchener,35300391
Kitchener,35300392
Kitchener,35300393
Kitchener,35300394
Kitchener,35300395
Kitchener,35300396
Kitchener,35300397
Kitchener,35300398
Kitchener,35300841
Kitchener,35300842
Kitchener,35300382
Kitchener,35300135
Kitchener,35300839
Kitchener,35300840
Kitchener,35300843
Kitchener,35300844
Kitchener,35300845
Kitchener,35300846
Kitchener,35300847
Guelph,35230085
Guelph,35230086
Guelph,35230087
Guelph,35230088
Guelph,35230089
Guelph,35230090
Guelph,35230091
Guelph,35230092
Guelph,35230093
Guelph,35230094
Guelph,35230145
Guelph,35230146
Guelph,35230147
Guelph,35230148
Guelph,35230149
Guelph,35230150
Guelph,35230151
Guelph,35230152
Guelph,35230153
Guelph,35230154
Guelph,35230155
Guelph,35230156
Guelph,35230165
Guelph,35230166
Guelph,35230221
Windsor,35370181
Windsor,35370182
Windsor,35370183
Windsor,35370184
Windsor,35370185
Windsor,35370186
Windsor,35370191
Windsor,35370192
Windsor,35370193
Windsor,35370194
Windsor,35370195
Windsor,35370196
Windsor,35370197
Windsor,35370198
Windsor,35370199
Windsor,35370200
Windsor,35370202
Windsor,35370203
Windsor,35370204
Windsor,35370205
Windsor,35370206
Windsor,35370207
Windsor,35370304
Windsor,35370352
Winnipeg,46110071
Winnipeg,46110072
Winnipeg,46110073
Winnipeg,46110074
Winnipeg,46110075
Winnipeg,46110076
Winnipeg,46110077
Winnipeg,46110078
Winnipeg,46110079
Winnipeg,46110080
Winnipeg,46110081
Winnipeg,46110082
Winnipeg,46110083
Winnipeg,46110084
Winnipeg,46110085
Winnipeg,46110086
Winnipeg,46110097
Winnipeg,46110098
Winnipeg,46110099
Winnipeg,46110100
Winnipeg,46110129
Winnipeg,46110130
Winnipeg,46110131
Winnipeg,46110402
Winnipeg,46110403
Winnipeg,46110404
Winnipeg,46110405
Winnipeg,46110406
Winnipeg,46110407
Winnipeg,46110408
Winnipeg,46110409
Winnipeg,46110618
Winnipeg,46110630
Winnipeg,46110631
Winnipeg,46110632
Winnipeg,46110633
Winnipeg,46110634
Winnipeg,46110635
Winnipeg,46110636
Winnipeg,46110637
Winnipeg,46110638
Winnipeg,46110639
Winnipeg,46110640
Winnipeg,46110641
Winnipeg,46110642
Winnipeg,46110643
Winnipeg,46110644
Winnipeg,46110645
Winnipeg,46110658
Winnipeg,46110666
Winnipeg,46110667
Winnipeg,46110668
Winnipeg,46110669
Winnipeg,46110810
Winnipeg,46111136
Winnipeg,46111178
Winnipeg,46111179
Winnipeg,46111180
Winnipeg,46111181
Winnipeg,46111182
Winnipeg,46111183
Winnipeg,46111184
Winnipeg,46111185
Winnipeg,46111186
Regina,47060262
Regina,47060263
Regina,47060264
Regina,47060265
Regina,47060266
Regina,47060267
Regina,47060268
Regina,47060269
Regina,47060270
Regina,47060271
Regina,47060273
Regina,47060276
Regina,47060277
Regina,47060278
Regina,47060279
Regina,47060280
Regina,47060281
Regina,47060291
Regina,47060292
Regina,47060293
Regina,47060294
Regina,47060295
Regina,47060296
Regina,47060297
Regina,47060299
Regina,47060454
Regina,47060455
Regina,47060456
Regina,47060664
Regina,47062543
Regina,47062544
Regina,47062545
Regina,47062546
Lethbridge,48020100
Lethbridge,48020101
Lethbridge,48020102
Lethbridge,48020103
Lethbridge,48020104
Lethbridge,48020105
Lethbridge,48020106
Lethbridge,48020203
Lethbridge,48020204
Calgary,48060580
Calgary,48060581
Calgary,48060582
Calgary,48060583
Calgary,48060584
Calgary,48060585
Calgary,48060586
Calgary,48060587
Calgary,48060595
Calgary,48060596
Calgary,48060597
Calgary,48060598
Calgary,48060599
Calgary,48060600
Calgary,48060601
Calgary,48060602
Calgary,48060603
Calgary,48060604
Calgary,48060605
Calgary,48060606
Calgary,48060607
Calgary,48060636
Calgary,48060637
Calgary,48060638
Calgary,48060639
Calgary,48060640
Calgary,48060643
Calgary,48060644
Calgary,48060645
Calgary,48060646
Calgary,48060647
Calgary,48060648
Calgary,48060649
Calgary,48060650
Calgary,48060651
Calgary,48060652
Calgary,48060654
Calgary,48060655
Calgary,48060656
Calgary,48060660
Calgary,48060661
Calgary,48060662
Calgary,48061643
Calgary,48061669
Calgary,48061670
Calgary,48062151
Calgary,48062152
Calgary,48062153
Calgary,48062510
Calgary,48062511
Calgary,48062512
Calgary,48062513
Calgary,48062768
Calgary,48062769
Edmonton,48110127
Edmonton,48110130
Edmonton,48110131
Edmonton,48110132
Edmonton,48110134
Edmonton,48110135
Edmonton,48110136
Edmonton,48110142
Edmonton,48110144
Edmonton,48110145
Edmonton,48110146
Edmonton,48110148
Edmonton,48110149
Edmonton,48110150
Edmonton,48110153
Edmonton,48110154
Edmonton,48110155
Edmonton,48110156
Edmonton,48110157
Edmonton,48110158
Edmonton,48110159
Edmonton,48110160
Edmonton,48110161
Edmonton,48110163
Edmonton,48110164
Edmonton,48110165
Edmonton,48110166
Edmonton,48110167
Edmonton,48110169
Edmonton,48110170
Edmonton,48110171
Edmonton,48110172
Edmonton,48110173
Edmonton,48110174
Edmonton,48110188
Edmonton,48110190
Edmonton,48110191
Edmonton,48110192
Edmonton,48110193
Edmonton,48110194
Edmonton,48110195
Edmonton,48110196
Edmonton,48110198
Edmonton,48110199
Edmonton,48110200
Edmonton,48110201
Edmonton,48110202
Edmonton,48110203
Edmonton,48110206
Edmonton,48110207
Edmonton,48110208
Edmonton,48110209
Edmonton,48110210
Edmonton,48110211
Edmonton,48110212
Edmonton,48110213
Edmonton,48110215
Edmonton,48110225
Edmonton,48110226
Edmonton,48110227
Edmonton,48111505
Edmonton,48112289
Edmonton,48112290
Edmonton,48112291
Edmonton,48112292
Edmonton,48112294
Edmonton,48112295
Edmonton,48112316
Edmonton,48112317
Edmonton,48112334
Edmonton,48112515
Edmonton,48112516
Edmonton,48112517
Edmonton,48112519
Edmonton,48112520
Edmonton,48112522
Edmonton,48112523
Edmonton,48112525
Edmonton,48112526
Edmonton,48112528
Edmonton,48112757
Edmonton,48112759
Edmonton,48112760
Edmonton,48112762
Edmonton,48112764
Edmonton,48112848
Edmonton,48112849
Kelowna,59350052
Kelowna,59350189
Kelowna,59350190
Kelowna,59350191
Kelowna,59350192
Kelowna,59350193
Kelowna,59350194
Kelowna,59350195
Kelowna,59350196
Kelowna,59350197
Kelowna,59350198
Kelowna,59350199
Kelowna,59350200
Kelowna,59350201
Kelowna,59350202
Kelowna,59350203
Kelowna,59350204
Kelowna,59350206
Kelowna,59350207
Vancouver,59150755
Vancouver,59150756
Vancouver,59150757
Vancouver,59150758
Vancouver,59150759
Vancouver,59150760
Vancouver,59150761
Vancouver,59150762
Vancouver,59150763
Vancouver,59150777
Vancouver,59150779
Vancouver,59150782
Vancouver,59150784
Vancouver,59150785
Vancouver,59150786
Vancouver,59150787
Vancouver,59150788
Vancouver,59150790
Vancouver,59150791
Vancouver,59150792
Vancouver,59150793
Vancouver,59150795
Vancouver,59150816
Vancouver,59150817
Vancouver,59150819
Vancouver,59150820
Vancouver,59150821
Vancouver,59150822
Vancouver,59150823
Vancouver,59150824
Vancouver,59150827
Vancouver,59150828
Vancouver,59150831
Vancouver,59150832
Vancouver,59150837
Vancouver,59150840
Vancouver,59150841
Vancouver,59150845
Vancouver,59150846
Vancouver,59150850
Vancouver,59150859
Vancouver,59150861
Vancouver,59150863
Vancouver,59150864
Vancouver,59150865
Vancouver,59150866
Vancouver,59154146
Vancouver,59153400
Vancouver,59154147
Vancouver,59154148
Vancouver,59154149
Vancouver,59154181
Vancouver,59154182
Vancouver,59153464
Vancouver,59153466
Vancouver,59153467
Vancouver,59153469
Vancouver,59153470
Vancouver,59153471
Vancouver,59153472
Vancouver,59153473
Vancouver,59153474
Vancouver,59153476
Vancouver,59153477
Vancouver,59153479
Vancouver,59153480
Vancouver,59153481
Vancouver,59153482
Vancouver,59153483
Vancouver,59153578
Vancouver,59153579
Vancouver,59153580
Vancouver,59153833
Vancouver,59153835
Vancouver,59153836
Vancouver,59153838
Vancouver,59153839
Vancouver,59153843
Vancouver,59153847
Vancouver,59153849
Vancouver,59153851
Vancouver,59153852
Vancouver,59153246
Vancouver,59154142
Vancouver,59153562
Vancouver,59153371
Vancouver,59153677
Vancouver,59153678
Vancouver,59153679
Vancouver,59153581
Vancouver,59153582
Vancouver,59153583
Vancouver,59153585
Vancouver,59153587
Vancouver,59153588
Vancouver,59153589
Vancouver,59153590
Vancouver,59153591
Vancouver,59153668
Vancouver,59153669
Vancouver,59153670
Vancouver,59153671
Vancouver,59153672
Vancouver,59153673
Vancouver,59153674
Vancouver,59153675
Vancouver,59153676
Vancouver,59153373
Vancouver,59154143
Vancouver,59154144
Vancouver,59153680
Vancouver,59153681
Vancouver,59153682
Vancouver,59153683
Vancouver,59153684
Vancouver,59153995
Vancouver,59153996
Vancouver,59153997
Vancouver,59154000
Vancouver,59154002
Vancouver,59154026
Vancouver,59154027
Vancouver,59153955
Vancouver,59153956
Vancouver,59154145
Vancouver,59153394
Vancouver,59154187
Vancouver,59154134
Vancouver,59154135
Vancouver,59154140
Vancouver,59153168
Vancouver,59153171
Vancouver,59153172
Vancouver,59154141
Vancouver,59154183
Vancouver,59153370
Vancouver,59153372
Vancouver,59153986
Vancouver,59153987
Vancouver,59153994
Vancouver,59154185
Vancouver,59154186
Vancouver,59154184
Victoria,59170142
Victoria,59170143
Victoria,59170144
Victoria,59170145
Victoria,59170146
Victoria,59170147
Victoria,59170148
Victoria,59170149
Victoria,59170150
Victoria,59170161
Victoria,59170162
Victoria,59170163
Victoria,59170164
Victoria,59170165
Victoria,59170166
Victoria,59170167
Victoria,59170168
Victoria,59170169
Victoria,59170170
Victoria,59170276
Victoria,59170278
Victoria,59170279
Victoria,59170280
Victoria,59170281
Victoria,59170282
Victoria,59170285
Victoria,59170286
Victoria,59170287
Victoria,59170288
Victoria,59170289
Victoria,59170290
Victoria,59170295
Victoria,59170296
Victoria,59170297
Victoria,59170298
Victoria,59170299
Victoria,59170300
Victoria,59170301
Victoria,59170302
Victoria,59170303
Victoria,59170304
Victoria,59170305
Victoria,59170308
Victoria,59170309
Victoria,59170310
Victoria,59170311
Victoria,59170312
Victoria,59170313
Victoria,59170383
Victoria,59170554
Victoria,59170555
Victoria,59170610
Victoria,59170611
Victoria,59170722
Victoria,59170723
Victoria,59170805
Victoria,59170806
Victoria,59170807
Victoria,59170808
Victoria,59170809
Victoria,59170810
Victoria,59170811
Victoria,59170814
Victoria,59170815
Victoria,59170819
Victoria,59170820
Mississauga,35210293
Mississauga,35210294
Mississauga,35210295
Mississauga,35210809
Mississauga,35210811
Mississauga,35210847
Mississauga,35210848
Mississauga,35210849
Mississauga,35210850
Mississauga,35210851
Mississauga,35210852
Mississauga,35210862
Mississauga,35210876
Mississauga,35210878
Mississauga,35210886
Mississauga,35210887
Mississauga,35210889
Mississauga,35210890
Mississauga,35210891
Mississauga,35210922
Mississauga,35210923
Mississauga,35211417
Mississauga,35211440
Mississauga,35211459
Mississauga,35211464
Mississauga,35211828
Mississauga,35211830
Mississauga,35211981
Mississauga,35212007
Mississauga,35212009
Mississauga,35212282
Mississauga,35212283
Mississauga,35212284
Mississauga,35212285
Mississauga,35212307
Mississauga,35212308
Mississauga,35212309
Mississauga,35212310
Mississauga,35212313
Mississauga,35212314
Mississauga,35212315
Mississauga,35212316
Mississauga,35212317
Mississauga,35212318
Burlington,35240417
Burlington,35240420
Burlington,35240421
Burlington,35240422
Burlington,35240423
Burlington,35240425
Burlington,35240427
Burlington,35240428
Burlington,35240429
Burlington,35240432
Burlington,35240440
Burlington,35240441
Burlington,35240442
Burlington,35240443
Burlington,35240444
Burlington,35240445
Burlington,35240446
Burlington,35240590
Burlington,35240807
Burlington,35240808
Burlington,35240809
Burlington,35240950
Burlington,35240951
Burlington,35250775
Waterloo,35300070
Waterloo,35300072
Waterloo,35300112
Waterloo,35300116
Waterloo,35300117
Waterloo,35300118
Waterloo,35300119
Waterloo,35300120
Waterloo,35300121
Waterloo,35300122
Waterloo,35300125
Waterloo,35300126
Waterloo,35300127
Waterloo,35300131
Waterloo,35300132
Waterloo,35300133
Waterloo,35300290
Waterloo,35300291
Waterloo,35300298
Waterloo,35300719
Waterloo,35300732
